"id","date_kst","change","score","ads","cps","status","kept"
"sub01","2026-08-29","First official submission; official baseline plus per-file neutral fallback","0.6909110688","0.6577539683","0.9893249735","completed","new best"
"sub02","not recorded","Changed DF-Arena segment aggregation from max to mean for voice and music; file remained presence-gated component maximum","0.6972539259","0.6648015873","0.9893249735","completed","new best"
"sub03","not recorded","Kept sub01 component outputs but replaced FILE_FAKE with max-pooled DF-Arena on raw mixture","0.6927753545","0.6598253968","0.9893249735","completed","no"
"sub04","not recorded","Kept VOICE_FAKE and MUSIC_FAKE max-pooled while FILE_FAKE used mean-pooled voice/music components","0.6975967831","0.6651825397","0.9893249735","completed","new best"
"sub05","not recorded","Kept sub04 FILE_FAKE and Voice max while changing only MUSIC_FAKE to mean","0.6960539259","0.6634682540","0.9893249735","completed","no"
"sub06","not recorded","Combined independently selected FILE mean Voice mean and Music max outputs","0.6987967831","0.6665158730","0.9893249735","completed","new best"
"sub07","not recorded","Replaced only sub06 FILE_FAKE with mean-pooled raw-mixture DF-Arena while preserving sub06 Voice Music and Presence outputs","0.6897967831","0.6565158730","0.9893249735","completed","no"
"sub08","not recorded","Replaced only MUSIC_FAKE with ArtifactNet v9.4 mean over first/middle/last four-second raw windows; sub06 File Voice and Presence unchanged","0.6972539259","0.6648015873","0.9893249735","completed","no"
"sub09","not recorded","Changed only sub06 MUSIC_FAKE to 75 percent DF-Arena max plus 25 percent ArtifactNet three-window mean; File Voice and both Presence outputs are exact sub06","0.7065110688","0.6750873016","0.9893249735","completed","new best"
"sub10","not recorded","Kept all sub09 outputs and changed only FILE by blending its music branch as 75 percent DF-Arena mean plus 25 percent ArtifactNet mean","0.7136467831","0.6830158730","0.9893249735","completed","new best"
"sub11","not recorded","Kept all sub10 outputs except raised only the FILE music branch ArtifactNet share from 25 percent to 50 percent","0.7200110688","0.6900873016","0.9893249735","completed","new best"
"sub12","not recorded","Kept every sub11 output except raised only the FILE music branch ArtifactNet share from 50 percent to 75 percent","0.7046467831","0.6730158730","0.9893249735","completed","no"
"sub13","not recorded","Restored sub11 exactly and changed only VOICE_FAKE to 75 percent DF-Arena vocal-stem mean plus 25 percent inverse-bona-fide-logit Spectra","0.7268110688","0.6976428571","0.9893249735","completed","new best"
"sub14","not recorded","Kept every sub13 output except raised Spectra share inside VOICE_FAKE from 25 percent to 50 percent","0.7304110688","0.7016428571","0.9893249735","completed","new best"
"sub15","not recorded","Kept every sub14 output except raised Spectra share inside VOICE_FAKE from 50 percent to 62.5 percent","0.7308110688","0.7020873016","0.9893249735","completed","new best"
"sub16","not recorded","Kept every sub15 output except blended MUSIC_FAKE 50 percent with pinned lofcz raw-mixture fakeprint","0.7385253545","0.7106587302","0.9893249735","completed","new best"
"sub17","not recorded","Kept every sub16 output except blended 25 percent lofcz into FILE's established music branch","0.7382039259","0.7103015873","0.9893249735","completed","no"
"sub18","not recorded","Restored sub16 exactly and changed only MUSIC by raising the lofcz share from 50 to 75 percent","0.7392967831","0.7115158730","0.9893249735","completed","new best"
"sub19","not recorded","Kept every sub18 output except VOICE_FAKE_PROB receives a fixed 80 percent sub18 plus 20 percent NII logit blend","0.7444967831","0.7172936508","0.9893249735","completed","new best"
"sub20","not recorded","Repair two ArtifactNet HPSS zero denominators and silent pooling=both return contract; retain all fusion weights","0.7468110688","0.7198650794","0.9893249735","completed","new best"
"sub21","not recorded","FILE head replaced by frozen 17-feature standardized logistic backend fitted on external dev audio only (seed 20260905 C=3); all other heads byte-identical to sub20; per-file fallback to sub20 FILE formula","0.7655824974","0.7407222222","0.9893249735","completed","new best"
"sub22","not recorded","FILE head replaced by fixed 1-(1-vp v)(1-mp m) with submitted VOICE and FILE music branch; no learned weights; all other heads byte-identical to sub20","0.7610824974","0.7357222222","0.9893249735","completed","no"
"sub23","not recorded","Submitted VOICE NII20 to40 logit from saved preNII; winning FILE backend and all its inputs stay at sub21 NII20; MUSIC and presence unchanged","0.7627824974","0.7376111111","0.9893249735","completed","no"
"sub24","not recorded","Relative to bestsub21 replace only FILE backend parameters; runner NII20VOICE MUSIC presence and all encoder resources unchanged; not based on rejectedsub23VOICE40","0.7764467831","0.7527936508","0.9893249735","completed","new best"
"sub25","not recorded","FILE linearbackend replaced by64shallowtrees trained40externalgroups; protectednonFILEsource andallencoders/deps unchanged","0.7846753545","0.7619365079","0.9893249735","completed","new best"
"sub26","not recorded","Only64additionalresidualtrees; original64exact; same40groupdata17features; threecountchecks64to128; allotherheadsunchanged","0.7809467831","0.7577936508","0.9893249735","completed","no"
"sub27","not recorded","Appenddf_voice_maxandpresenceweightedpeaktoold17features;64d2same40grouptraining;capturealreadycomputedpeakbeforeVOICEoverwrite;otherheadsunchanged","0.7828110688","0.7598650794","0.9893249735","completed","no"
"sub28","not recorded","Samecodeas27;add160cleanreal-edit/weakpartialfake+320channels;classbalancechanges;allotherheadsunchanged","0.7801753545","0.7569365079","0.9893249735","completed","no"
"sub29","not recorded","OnlyafterFILE .5currentMusic+.5rawlofcz;allotherheadsandFILEinputs/backendunchanged","0.7877610688","0.7653650794","0.9893249735","completed","new best"
"sub30","not recorded","Onlyfinalcoefficientline .25legacy75+.75rawlofcz;FILEinputs/backendandotherheadsunchanged","0.7885324974","0.7662222222","0.9893249735","completed","new best"
"sub31","not recorded","Singlefinalcoefficientline .125legacy75+.875rawlofcz;FILEinputs/backendandotherheadsunchanged","0.7916182116","0.7696507937","0.9893249735","completed","new best"
"sub32","not recorded","Singlefinalcoefficientline .0625legacy75+.9375rawlofcz;FILEinputs/backendandotherheadsunchanged","0.7931610688","0.7713650794","0.9893249735","completed","new best"
"sub33","not recorded","SinglepostFILE .03125legacy75+.96875rawlofcz;otherheads/FILEinputs/backendunchanged","0.7970182116","0.7756507937","0.9893249735","completed","new best"
"sub34","not recorded","SinglepostFILE .015625legacy75+.984375rawlofcz;otherheads/FILEinputs/backendunchanged","0.7970182116","0.7756507937","0.9893249735","completed","no"
"sub35","not recorded","Old17plus5physicalwaveformfeatures;oldFILEfallbackand33otherheadsunchanged","0.7948967831","0.7732936508","0.9893249735","completed","no"
"sub36","not recorded","Samefloat32W/b-promoted64;Qatan-finalMUSIConly;oldL-FILE-VOICE-presence-preserved","0.7947039259","0.7730793651","0.9893249735","completed","no"
"sub37","not recorded","From33;onlyfinalVOICEafterFILE;unique64600firstmiddleendrawcrops;oldDFmean-Spectra625-NII20blend;other4andFILE13unchanged","0.7982182116","0.776984127","0.9893249735","completed","new best"
"sub38","not recorded",".75original37VOICE+.25nativefloat32Eliya;allFILE13andfourotheroutputsunchanged","0.7986182116","0.7774285714","0.9893249735","completed","new best"
"sub39","not recorded","old17plus7Eliya-temporalprobabilityfeatures;fixed64depth2trees40groups;four38outputsunchanged","0.8020253545","0.7812142857","0.9893249735","completed","new best"
"sub40","not recorded",".75inc39MUSIC+.25fixed5cropDeezermean;16kresampled44100;four39headsunchanged","0.7881396402","0.7657857143","0.9893249735","completed","no"
"sub41","not recorded","435musicviews29newcontents4newfamiliesaddedto1920;2355rows69groups;fixed64trees24features;other4protected","0.8012539259","0.7803571429","0.9893249735","completed","no"
"sub42","not recorded","Unique80000firstcenterendfullstempeaknorm;E0reused;fixed25VOICEonlyafter39FILE;other4protected","0.8020253545","0.7812142857","0.9893249735","completed","no"
"sub43","not recorded","Sameweights;LsfromexistingDemucsnonvocalreplacesLrfinalMUSIConly;FILErawLr-and4outputsprotected","0.7973967831","0.7760714286","0.9893249735","completed","no"
"sub44","not recorded","Fixed17oldcomponentpresencefeatures;1680MUSICpresent40groups64depth2trees;fullMUSICafter39;4otherheadsprotected","0.8054967831","0.7850714286","0.9893249735","completed","new best"
"sub45","not recorded","17plus7existingE0Spectratemporalfeatures;same1680-40and64trees;fullMUSICafter44success;FILEVOICEpresenceprotected","0.8051110688","0.7846428571","0.9893249735","completed","no"
"sub46","not recorded","Add435newpuremusic29contents4families;same17features64trees;fullMUSICafter44success;4headsprotected","0.7997110688","0.7786428571","0.9893249735","completed","no"
"sub47","not recorded","24plus5temporalEmeanmaxrange;same1920-40fixed64trees;0to2newEforwards;4headsprotected","0.8028610688","0.7821428571","0.9893249735","completed","no"
"sub48","not recorded","Exactold17plusrawz64;same1680-40fixed64trees;reuseoriginalfakeprint;4headsprotected","0.7985539259","0.7773571429","0.9893249735","completed","no"
"sub49","not recorded","Voiceonly8features960reliableviews40speakers64trees;excludeunknown generatedaccomp;4headsprotected","0.8054967831","0.7850714286","0.9893249735","completed","no"
"sub50","not recorded","ExactFILE24pluslogitMUSIC17;same1920-40and64trees;80nestedMUSIC17FILEfits;4headsprotected","0.8076824974","0.7875","0.9893249735","completed","new best"
"sub51","not recorded","New5srawMERT768plusoriginal17;weightedscalerC1logistic1680-40;MUSICafter50FILE;4headsprotected","0.7910967831","0.7690714286","0.9893249735","completed","no"
"sub52","not recorded","FILEmax(FILE50-VPtimesVOICE-MPtimesMUSIC)afterall5roundedoutputs;4protected","0.8092253545","0.7892142857","0.9893249735","completed","new best"
"sub53","not recorded","264newnativeFILEviews17fixedfits;samewinning52floorafterrawnativeFILE;4otherheadsunchanged","0.8118610688","0.7921428571","0.9893249735","completed","new best"
"sub54","not recorded","Append132native-fakebackgroundtrainviews;keepold1920native264-and-confirmedfloor;4otherheadsprotected","0.8126324974","0.793","0.9893249735","completed","new best"
"sub55","not recorded","Original25prefixplusroundedfinalVOICE-andpresenceweightedVOICE-MUSIC-floorlogits;sametraining2316/40andoutputfloor","0.8137253545","0.7942142857","0.9893249735","completed","new best"
"sub56","not recorded","Original29prefixplus2Nes2-vocalfeatures;same2316/40-floor-and4protectedoutputs;newfrozen1.26GBdetector","0.8099967831","0.7900714286","0.9893249735","completed","no"
"sub57","not recorded","Base55original29plusfull-raw-mixtureDFmean-maxlogits;noNes2-newweights-decoder-separation;4outputsandfloorprotected","0.8065896402","0.7862857143","0.9893249735","completed","no"
"sub58","not recorded","Exact55healthyFILEbypassescomponentfloor;failed55keepsexactfloor;4otheroutputs-andallmodelsunchanged","0.8107682116","0.7909285714","0.9893249735","completed","no"
"sub59","not recorded","Base55same29andfloor;append1188whole-utteranceviews33trainingspeakers;4otheroutputsprotected","0.8126324974","0.793","0.9893249735","completed","no"
"sub60","not recorded","Original960plusnative264utterance792labelsafe;VOICEmodifiedafterfixed55FILEfloor;4otheroutputsprotected","0.8133253545","0.7937698413","0.9893249735","completed","no"
"sub61","not recorded","Base55 plus original-mixture NII pass only finalVOICE after unchanged FILE floor","0.8125253545","0.7928809524","0.9893249735","completed","no"
"sub62","not recorded","Base55 plus MMS300M on same vocal stem;only finalVOICE after fixed55 FILE floor","0.8085253545","0.7884365079","0.9893249735","completed","no"
"sub63","not recorded","Base55 FILE29 plus logit MMS and logit presence-times-MMS;4otheroutputsandfloorprotected","0.8137253545","0.7942142857","0.9893249735","completed","no"
"sub64","not recorded","Exact55-plus-2-Nes2-MUSIC-features;same1680-40-17fits;4-protected","0.8121824974","0.7925","0.9893249735","completed","no"
"sub68a","2026-09-24","Exact55 plus fine-tuned fakeprint MUSIC logit-blended 0.5 after floor; FILE/VOICE/presence byte-identical","0.8171967831","0.7980714286","0.9893249735","completed","new best"
"sub68b","2026-09-24","As sub68a but output floor FILE=max(FILE29,vp*VOICE,mp*MUSIC) reads new MUSIC","0.8198324974","0.801","0.9893249735","completed","new best"
"sub68c","2026-09-24","As sub68a with FT blend weight 0.25","0.8171967831","0.7980714286","0.9893249735","completed","no"
"sub70","2026-09-25","As sub68b with MUSIC FT v2 model (+1500 FMA reals v1-extra repeated + 256 sub54 views; lambda .001)","0.8221467831","0.8035714286","0.9893249735","completed","new best"
"sub76","2026-09-25","FT VOICE read only by FILE floor; published VOICE/MUSIC/presence = sub70","0.8176467831","0.7985714286","0.9893249735","completed","no"
"sub77","2026-09-25","As sub76 but VOICE output = FT blend","0.8088467831","0.7887936508","0.9893249735","completed","no"
"sub84","2026-09-26","MUSIC output blended with raw-mixture NII direct head; FILE/VOICE/presence = sub70","0.8229182116","0.8044285714","0.9893249735","completed","new best"
"sub80","2026-09-26","MUSIC output = blend(music17, PANNs-presence-gated 4s-window FT fakeprint logit)","0.8290896402","0.8112857143","0.9893249735","completed","new best"
"sub88","2026-09-26","3-line runner change: segment MUSIC set before _sub52_light_file floor","0.8253610688","0.8071428571","0.9893249735","completed","no"
"sub90","2026-09-27","VOICE output = logit-blend .5 of old VOICE and speech-weighted pooled 4-model VOICE on PANNs speech-present vocal-stem windows","0.8306896402","0.8130634921","0.9893249735","completed","new best"
"sub92r","2026-09-27","MUSIC = logit_blend(seg_MUSIC17, seg_FT, .5) on PANNs-gated windows; outputs byte-identical to sub92","0.8299182116","0.8122063492","0.9893249735","completed","no"
"sub97b","2026-09-27","Segment FT branch reads sub97b head; FILE/VOICE/presences byte-identical to sub90","0.8368610688","0.8199206349","0.9893249735","completed","new best"
"sub100","2026-09-28","FILE and VOICE changed; MUSIC identical to sub97b","0.8345967831","0.8174047619","0.9893249735","completed","no"
"sub102","2026-09-28","All three fake heads blended with the FT model; presences unchanged","0.8418682116","0.825484127","0.9893249735","completed","new best"
"sub102r3","2026-09-28","Overlay r3 e12 instead of r2 e09; weights re-selected on panels","0.8452467831","0.8292380952","0.9893249735","completed","final selection"
"sub106","2026-09-29","Real-domain fine-tune (half of the real data)","0.8439324974","0.8277777778","0.9893249735","completed","no"
"sub111","2026-09-29","All real data instead of one fold","0.8394396402","0.8227857143","0.9893249735","completed","no"
"sub112","2026-09-29","One more real-domain epoch","0.8425539259","0.8262460317","0.9893249735","completed","no"
